{
  "seed": 42,
  "epochs": 50,
  "batch_size": 128,
  "lr": 0.001,
  "weight_decay": 0.0001,
  "optimizer": "Adam",
  "scheduler": "CosineAnnealingLR",
  "r11_params": 4903242,
  "r11_baseline_acc": 91.82,
  "r11_dropout_03_acc": 91.91,
  "r11_dropout_05_acc": 91.81,
  "r11_best_acc": 91.91,
  "r11_avg_epoch_time": 13.55191976070404,
  "r11_convergence_ep": 4,
  "r18_params": 11173962,
  "r18_baseline_acc": 92.76,
  "r18_dropout_03_acc": 92.68,
  "r18_dropout_05_acc": 92.84,
  "r18_best_acc": 92.84,
  "r18_avg_epoch_time": 26.325227155685425,
  "r18_convergence_ep": 6
}